CPUE,Steepness,RecProp,Move,DataWts,Natmort,Model,Gradient,log_det_hessian,PDH
NZ,0.7,Diag,Diag,05length,HamelCope,N_h07_Rb_Vb_D05l_Mhac,8.01732e-05,191.09,TRUE
NZ,0.7,Diag,Diag,05length,Estimated,N_h07_Rb_Vb_D05l_Mest,4.17407e-07,201.881,TRUE
NZ,0.7,Diag,Diag,05weight,HamelCope,N_h07_Rb_Vb_D05w_Mhac,0.000151811,169.2,TRUE
NZ,0.7,Diag,Diag,05weight,Estimated,N_h07_Rb_Vb_D05w_Mest,6.69467e-05,179.423,TRUE
NZ,0.7,Diag,Diag,20length,HamelCope,N_h07_Rb_Vb_D20l_Mhac,2.63398e-05,197.56,TRUE
NZ,0.7,Diag,Diag,20length,Estimated,N_h07_Rb_Vb_D20l_Mest,1.95958e-05,209.527,TRUE
NZ,0.7,Diag,Diag,20weight,HamelCope,N_h07_Rb_Vb_D20w_Mhac,0.000391128,219.497,TRUE
NZ,0.7,Diag,Diag,20weight,Estimated,N_h07_Rb_Vb_D20w_Mest,9.90822e-05,232.138,TRUE
NZ,0.7,Diag,Diag,Diag,HamelCope,N_h07_Rb_Vb_Dbas_Mhac,3.54176e-05,194.165,TRUE
NZ,0.7,Diag,Diag,Diag,Estimated,N_h07_Rb_Vb_Dbas_Mest,0.000280519,205.439,TRUE
NZ,0.7,Diag,Half1to2,05length,HamelCope,N_h07_Rb_V1_D05l_Mhac,2.40918e-05,191.271,TRUE
NZ,0.7,Diag,Half1to2,05length,Estimated,N_h07_Rb_V1_D05l_Mest,6.01432e-06,202.105,TRUE
NZ,0.7,Diag,Half1to2,05weight,HamelCope,N_h07_Rb_V1_D05w_Mhac,4.56359e-05,169.39,TRUE
NZ,0.7,Diag,Half1to2,05weight,Estimated,N_h07_Rb_V1_D05w_Mest,7.36828e-05,179.697,TRUE
NZ,0.7,Diag,Half1to2,20length,HamelCope,N_h07_Rb_V1_D20l_Mhac,3.19576e-06,197.979,TRUE
NZ,0.7,Diag,Half1to2,20length,Estimated,N_h07_Rb_V1_D20l_Mest,0.000273775,209.636,TRUE
NZ,0.7,Diag,Half1to2,20weight,HamelCope,N_h07_Rb_V1_D20w_Mhac,9.58627e-06,220.27,TRUE
NZ,0.7,Diag,Half1to2,20weight,Estimated,N_h07_Rb_V1_D20w_Mest,5.82184e-06,231.967,TRUE
NZ,0.7,Diag,Half1to2,Diag,HamelCope,N_h07_Rb_V1_Dbas_Mhac,0.000137906,194.43,TRUE
NZ,0.7,Diag,Half1to2,Diag,Estimated,N_h07_Rb_V1_Dbas_Mest,7.4543e-05,205.532,TRUE
NZ,0.7,Diag,Half2to1,05length,HamelCope,N_h07_Rb_V2_D05l_Mhac,2.24082e-05,190.399,TRUE
NZ,0.7,Diag,Half2to1,05length,Estimated,N_h07_Rb_V2_D05l_Mest,7.18166e-06,202.504,TRUE
NZ,0.7,Diag,Half2to1,05weight,HamelCope,N_h07_Rb_V2_D05w_Mhac,9.22142e-05,168.581,TRUE
NZ,0.7,Diag,Half2to1,05weight,Estimated,N_h07_Rb_V2_D05w_Mest,8.83463e-05,179.805,TRUE
NZ,0.7,Diag,Half2to1,20length,HamelCope,N_h07_Rb_V2_D20l_Mhac,0.000154206,196.813,TRUE
NZ,0.7,Diag,Half2to1,20length,Estimated,N_h07_Rb_V2_D20l_Mest,2.75495e-05,209.602,TRUE
NZ,0.7,Diag,Half2to1,20weight,HamelCope,N_h07_Rb_V2_D20w_Mhac,3.99071e-05,218.764,TRUE
NZ,0.7,Diag,Half2to1,20weight,Estimated,N_h07_Rb_V2_D20w_Mest,4.73971e-05,232.418,TRUE
NZ,0.7,Diag,Half2to1,Diag,HamelCope,N_h07_Rb_V2_Dbas_Mhac,0.00097356,193.481,TRUE
NZ,0.7,Diag,Half2to1,Diag,Estimated,N_h07_Rb_V2_Dbas_Mest,7.99879e-05,205.807,TRUE
NZ,0.7,MoreR2,Diag,05length,HamelCope,N_h07_R2_Vb_D05l_Mhac,2.77454e-08,192.98,TRUE
NZ,0.7,MoreR2,Diag,05length,Estimated,N_h07_R2_Vb_D05l_Mest,0.002326,202.211,TRUE
NZ,0.7,MoreR2,Diag,05weight,HamelCope,N_h07_R2_Vb_D05w_Mhac,6.19944e-06,171.019,TRUE
NZ,0.7,MoreR2,Diag,05weight,Estimated,N_h07_R2_Vb_D05w_Mest,3.8213e-05,179.662,TRUE
NZ,0.7,MoreR2,Diag,20length,HamelCope,N_h07_R2_Vb_D20l_Mhac,6.72371e-05,199.669,TRUE
NZ,0.7,MoreR2,Diag,20length,Estimated,N_h07_R2_Vb_D20l_Mest,0.000504647,209.47,TRUE
NZ,0.7,MoreR2,Diag,20weight,HamelCope,N_h07_R2_Vb_D20w_Mhac,1.00567e-05,221.839,TRUE
NZ,0.7,MoreR2,Diag,20weight,Estimated,N_h07_R2_Vb_D20w_Mest,4.63954e-05,232.051,TRUE
NZ,0.7,MoreR2,Diag,Diag,HamelCope,N_h07_R2_Vb_Dbas_Mhac,0.00013204,196.158,TRUE
NZ,0.7,MoreR2,Diag,Diag,Estimated,N_h07_R2_Vb_Dbas_Mest,0.00313457,205.577,TRUE
NZ,0.7,MoreR2,Half1to2,05length,HamelCope,N_h07_R2_V1_D05l_Mhac,2.71434e-08,193.442,TRUE
NZ,0.7,MoreR2,Half1to2,05length,Estimated,N_h07_R2_V1_D05l_Mest,2.73655e-05,202.166,TRUE
NZ,0.7,MoreR2,Half1to2,05weight,HamelCope,N_h07_R2_V1_D05w_Mhac,0.000638295,171.453,TRUE
NZ,0.7,MoreR2,Half1to2,05weight,Estimated,N_h07_R2_V1_D05w_Mest,4.83798e-05,179.776,TRUE
NZ,0.7,MoreR2,Half1to2,20length,HamelCope,N_h07_R2_V1_D20l_Mhac,9.12272e-06,200.068,TRUE
NZ,0.7,MoreR2,Half1to2,20length,Estimated,N_h07_R2_V1_D20l_Mest,0.000289801,209.388,TRUE
NZ,0.7,MoreR2,Half1to2,20weight,HamelCope,N_h07_R2_V1_D20w_Mhac,2.99525e-05,222.271,TRUE
NZ,0.7,MoreR2,Half1to2,20weight,Estimated,N_h07_R2_V1_D20w_Mest,4.31465e-05,231.808,TRUE
NZ,0.7,MoreR2,Half1to2,Diag,HamelCope,N_h07_R2_V1_Dbas_Mhac,0.000101079,196.598,TRUE
NZ,0.7,MoreR2,Half1to2,Diag,Estimated,N_h07_R2_V1_Dbas_Mest,6.59304e-05,205.52,TRUE
NZ,0.7,MoreR2,Half2to1,05length,HamelCope,N_h07_R2_V2_D05l_Mhac,7.09245e-05,192.01,TRUE
NZ,0.7,MoreR2,Half2to1,05length,Estimated,N_h07_R2_V2_D05l_Mest,6.50149e-05,202.529,TRUE
NZ,0.7,MoreR2,Half2to1,05weight,HamelCope,N_h07_R2_V2_D05w_Mhac,5.98297e-05,170.044,TRUE
NZ,0.7,MoreR2,Half2to1,05weight,Estimated,N_h07_R2_V2_D05w_Mest,6.21172e-05,179.741,TRUE
NZ,0.7,MoreR2,Half2to1,20length,HamelCope,N_h07_R2_V2_D20l_Mhac,9.17487e-05,198.444,TRUE
NZ,0.7,MoreR2,Half2to1,20length,Estimated,N_h07_R2_V2_D20l_Mest,0.00062837,209.427,TRUE
NZ,0.7,MoreR2,Half2to1,20weight,HamelCope,N_h07_R2_V2_D20w_Mhac,0.000619779,220.574,TRUE
NZ,0.7,MoreR2,Half2to1,20weight,Estimated,N_h07_R2_V2_D20w_Mest,0.000182548,232.378,TRUE
NZ,0.7,MoreR2,Half2to1,Diag,HamelCope,N_h07_R2_V2_Dbas_Mhac,1.33052e-07,195.074,TRUE
NZ,0.7,MoreR2,Half2to1,Diag,Estimated,N_h07_R2_V2_Dbas_Mest,0.00153124,205.763,TRUE
NZ,0.8,Diag,Diag,05length,HamelCope,N_h08_Rb_Vb_D05l_Mhac,8.90785e-06,191.126,TRUE
NZ,0.8,Diag,Diag,05length,Estimated,N_h08_Rb_Vb_D05l_Mest,1.74577e-06,202.81,TRUE
NZ,0.8,Diag,Diag,05weight,HamelCope,N_h08_Rb_Vb_D05w_Mhac,0.00106357,169.279,TRUE
NZ,0.8,Diag,Diag,05weight,Estimated,N_h08_Rb_Vb_D05w_Mest,0.000501953,180.054,TRUE
NZ,0.8,Diag,Diag,20length,HamelCope,N_h08_Rb_Vb_D20l_Mhac,3.5049e-05,197.622,TRUE
NZ,0.8,Diag,Diag,20length,Estimated,N_h08_Rb_Vb_D20l_Mest,4.60167e-05,210.372,TRUE
NZ,0.8,Diag,Diag,20weight,HamelCope,N_h08_Rb_Vb_D20w_Mhac,1.3652e-05,219.664,TRUE
NZ,0.8,Diag,Diag,20weight,Estimated,N_h08_Rb_Vb_D20w_Mest,9.08888e-05,233.16,TRUE
NZ,0.8,Diag,Diag,Diag,HamelCope,N_h08_Rb_Vb_Dbas_Mhac,7.09195e-05,194.221,TRUE
NZ,0.8,Diag,Diag,Diag,Estimated,N_h08_Rb_Vb_Dbas_Mest,0.000204305,206.242,TRUE
NZ,0.8,Diag,Half1to2,05length,HamelCope,N_h08_Rb_V1_D05l_Mhac,6.32068e-05,191.307,TRUE
NZ,0.8,Diag,Half1to2,05length,Estimated,N_h08_Rb_V1_D05l_Mest,1.16359e-07,202.853,TRUE
NZ,0.8,Diag,Half1to2,05weight,HamelCope,N_h08_Rb_V1_D05w_Mhac,3.37572e-08,169.536,TRUE
NZ,0.8,Diag,Half1to2,05weight,Estimated,N_h08_Rb_V1_D05w_Mest,3.89794e-05,180.253,TRUE
NZ,0.8,Diag,Half1to2,20length,HamelCope,N_h08_Rb_V1_D20l_Mhac,0.000360625,198.096,TRUE
NZ,0.8,Diag,Half1to2,20length,Estimated,N_h08_Rb_V1_D20l_Mest,0.000184694,210.258,TRUE
NZ,0.8,Diag,Half1to2,20weight,HamelCope,N_h08_Rb_V1_D20w_Mhac,0.000468252,220.403,TRUE
NZ,0.8,Diag,Half1to2,20weight,Estimated,N_h08_Rb_V1_D20w_Mest,9.23538e-07,232.828,TRUE
NZ,0.8,Diag,Half1to2,Diag,HamelCope,N_h08_Rb_V1_Dbas_Mhac,0.00024037,194.507,TRUE
NZ,0.8,Diag,Half1to2,Diag,Estimated,N_h08_Rb_V1_Dbas_Mest,8.42524e-05,206.292,TRUE
NZ,0.8,Diag,Half2to1,05length,HamelCope,N_h08_Rb_V2_D05l_Mhac,0.000127091,190.458,TRUE
NZ,0.8,Diag,Half2to1,05length,Estimated,N_h08_Rb_V2_D05l_Mest,1.55737e-08,203.146,TRUE
NZ,0.8,Diag,Half2to1,05weight,HamelCope,N_h08_Rb_V2_D05w_Mhac,9.98474e-05,168.611,TRUE
NZ,0.8,Diag,Half2to1,05weight,Estimated,N_h08_Rb_V2_D05w_Mest,9.41298e-05,180.252,TRUE
NZ,0.8,Diag,Half2to1,20length,HamelCope,N_h08_Rb_V2_D20l_Mhac,1.0088e-07,196.882,TRUE
NZ,0.8,Diag,Half2to1,20length,Estimated,N_h08_Rb_V2_D20l_Mest,0.000158088,210.249,TRUE
NZ,0.8,Diag,Half2to1,20weight,HamelCope,N_h08_Rb_V2_D20w_Mhac,1.26553e-07,218.914,TRUE
NZ,0.8,Diag,Half2to1,20weight,Estimated,N_h08_Rb_V2_D20w_Mest,0.0021797,233.694,TRUE
NZ,0.8,Diag,Half2to1,Diag,HamelCope,N_h08_Rb_V2_Dbas_Mhac,6.75175e-06,193.482,TRUE
NZ,0.8,Diag,Half2to1,Diag,Estimated,N_h08_Rb_V2_Dbas_Mest,6.24034e-05,206.46,TRUE
NZ,0.8,MoreR2,Diag,05length,HamelCope,N_h08_R2_Vb_D05l_Mhac,5.36693e-05,193.01,TRUE
NZ,0.8,MoreR2,Diag,05length,Estimated,N_h08_R2_Vb_D05l_Mest,1.23926e-07,202.905,TRUE
NZ,0.8,MoreR2,Diag,05weight,HamelCope,N_h08_R2_Vb_D05w_Mhac,7.4059e-05,171.083,TRUE
NZ,0.8,MoreR2,Diag,05weight,Estimated,N_h08_R2_Vb_D05w_Mest,7.08178e-05,180.2,TRUE
NZ,0.8,MoreR2,Diag,20length,HamelCope,N_h08_R2_Vb_D20l_Mhac,0.000215423,199.71,TRUE
NZ,0.8,MoreR2,Diag,20length,Estimated,N_h08_R2_Vb_D20l_Mest,7.73552e-08,210.098,TRUE
NZ,0.8,MoreR2,Diag,20weight,HamelCope,N_h08_R2_Vb_D20w_Mhac,9.32859e-05,222.002,TRUE
NZ,0.8,MoreR2,Diag,20weight,Estimated,N_h08_R2_Vb_D20w_Mest,0.00408083,233.017,TRUE
NZ,0.8,MoreR2,Diag,Diag,HamelCope,N_h08_R2_Vb_Dbas_Mhac,4.0375e-05,196.196,TRUE
NZ,0.8,MoreR2,Diag,Diag,Estimated,N_h08_R2_Vb_Dbas_Mest,1.47547e-05,206.25,TRUE
NZ,0.8,MoreR2,Half1to2,05length,HamelCope,N_h08_R2_V1_D05l_Mhac,3.53363e-05,193.513,TRUE
NZ,0.8,MoreR2,Half1to2,05length,Estimated,N_h08_R2_V1_D05l_Mest,2.50425e-08,202.82,TRUE
NZ,0.8,MoreR2,Half1to2,05weight,HamelCope,N_h08_R2_V1_D05w_Mhac,0.000257974,171.514,TRUE
NZ,0.8,MoreR2,Half1to2,05weight,Estimated,N_h08_R2_V1_D05w_Mest,4.51758e-05,180.211,TRUE
NZ,0.8,MoreR2,Half1to2,20length,HamelCope,N_h08_R2_V1_D20l_Mhac,0.000115873,200.111,TRUE
NZ,0.8,MoreR2,Half1to2,20length,Estimated,N_h08_R2_V1_D20l_Mest,0.000174,209.968,TRUE
NZ,0.8,MoreR2,Half1to2,20weight,HamelCope,N_h08_R2_V1_D20w_Mhac,0.00150589,222.431,TRUE
NZ,0.8,MoreR2,Half1to2,20weight,Estimated,N_h08_R2_V1_D20w_Mest,7.2364e-06,232.711,TRUE
NZ,0.8,MoreR2,Half1to2,Diag,HamelCope,N_h08_R2_V1_Dbas_Mhac,0.000327847,196.635,TRUE
NZ,0.8,MoreR2,Half1to2,Diag,Estimated,N_h08_R2_V1_Dbas_Mest,9.7506e-05,206.138,TRUE
NZ,0.8,MoreR2,Half2to1,05length,HamelCope,N_h08_R2_V2_D05l_Mhac,9.91073e-05,192.055,TRUE
NZ,0.8,MoreR2,Half2to1,05length,Estimated,N_h08_R2_V2_D05l_Mest,0.000284341,203.133,TRUE
NZ,0.8,MoreR2,Half2to1,05weight,HamelCope,N_h08_R2_V2_D05w_Mhac,4.15171e-05,170.113,TRUE
NZ,0.8,MoreR2,Half2to1,05weight,Estimated,N_h08_R2_V2_D05w_Mest,8.35309e-05,180.137,TRUE
NZ,0.8,MoreR2,Half2to1,20length,HamelCope,N_h08_R2_V2_D20l_Mhac,2.93375e-08,198.496,TRUE
NZ,0.8,MoreR2,Half2to1,20length,Estimated,N_h08_R2_V2_D20l_Mest,9.154e-05,210.071,TRUE
NZ,0.8,MoreR2,Half2to1,20weight,HamelCope,N_h08_R2_V2_D20w_Mhac,0.000644319,220.733,TRUE
NZ,0.8,MoreR2,Half2to1,20weight,Estimated,N_h08_R2_V2_D20w_Mest,0.00193039,233.632,TRUE
NZ,0.8,MoreR2,Half2to1,Diag,HamelCope,N_h08_R2_V2_Dbas_Mhac,0.000252219,195.121,TRUE
NZ,0.8,MoreR2,Half2to1,Diag,Estimated,N_h08_R2_V2_Dbas_Mest,0.00123308,206.343,TRUE
NZ,0.9,Diag,Diag,05length,HamelCope,N_h09_Rb_Vb_D05l_Mhac,0.00297645,191.181,TRUE
NZ,0.9,Diag,Diag,05length,Estimated,N_h09_Rb_Vb_D05l_Mest,1.56494e-06,203.488,TRUE
NZ,0.9,Diag,Diag,05weight,HamelCope,N_h09_Rb_Vb_D05w_Mhac,3.3579e-08,169.325,TRUE
NZ,0.9,Diag,Diag,05weight,Estimated,N_h09_Rb_Vb_D05w_Mest,4.89731e-05,180.497,TRUE
NZ,0.9,Diag,Diag,20length,HamelCope,N_h09_Rb_Vb_D20l_Mhac,9.47541e-05,197.677,TRUE
NZ,0.9,Diag,Diag,20length,Estimated,N_h09_Rb_Vb_D20l_Mest,0.000193678,210.974,TRUE
NZ,0.9,Diag,Diag,20weight,HamelCope,N_h09_Rb_Vb_D20w_Mhac,1.70501e-05,219.833,TRUE
NZ,0.9,Diag,Diag,20weight,Estimated,N_h09_Rb_Vb_D20w_Mest,8.20874e-05,233.919,TRUE
NZ,0.9,Diag,Diag,Diag,HamelCope,N_h09_Rb_Vb_Dbas_Mhac,9.64435e-06,194.26,TRUE
NZ,0.9,Diag,Diag,Diag,Estimated,N_h09_Rb_Vb_Dbas_Mest,1.03791e-08,206.977,TRUE
NZ,0.9,Diag,Half1to2,05length,HamelCope,N_h09_Rb_V1_D05l_Mhac,6.97921e-05,191.439,TRUE
NZ,0.9,Diag,Half1to2,05length,Estimated,N_h09_Rb_V1_D05l_Mest,1.36557e-05,203.394,TRUE
NZ,0.9,Diag,Half1to2,05weight,HamelCope,N_h09_Rb_V1_D05w_Mhac,0.000307898,169.595,TRUE
NZ,0.9,Diag,Half1to2,05weight,Estimated,N_h09_Rb_V1_D05w_Mest,2.95113e-05,180.653,TRUE
NZ,0.9,Diag,Half1to2,20length,HamelCope,N_h09_Rb_V1_D20l_Mhac,8.6156e-05,198.152,TRUE
NZ,0.9,Diag,Half1to2,20length,Estimated,N_h09_Rb_V1_D20l_Mest,0.000414316,210.739,TRUE
NZ,0.9,Diag,Half1to2,20weight,HamelCope,N_h09_Rb_V1_D20w_Mhac,0.00132351,220.541,TRUE
NZ,0.9,Diag,Half1to2,20weight,Estimated,N_h09_Rb_V1_D20w_Mest,6.56812e-06,233.501,TRUE
NZ,0.9,Diag,Half1to2,Diag,HamelCope,N_h09_Rb_V1_Dbas_Mhac,0.000119905,194.599,TRUE
NZ,0.9,Diag,Half1to2,Diag,Estimated,N_h09_Rb_V1_Dbas_Mest,0.00083686,206.786,TRUE
NZ,0.9,Diag,Half2to1,05length,HamelCope,N_h09_Rb_V2_D05l_Mhac,8.89996e-05,190.511,TRUE
NZ,0.9,Diag,Half2to1,05length,Estimated,N_h09_Rb_V2_D05l_Mest,1.2731e-07,203.709,TRUE
NZ,0.9,Diag,Half2to1,05weight,HamelCope,N_h09_Rb_V2_D05w_Mhac,9.65429e-05,168.682,TRUE
NZ,0.9,Diag,Half2to1,05weight,Estimated,N_h09_Rb_V2_D05w_Mest,0.000502284,180.597,TRUE
NZ,0.9,Diag,Half2to1,20length,HamelCope,N_h09_Rb_V2_D20l_Mhac,1.09545e-06,196.943,TRUE
NZ,0.9,Diag,Half2to1,20length,Estimated,N_h09_Rb_V2_D20l_Mest,0.000136946,211.077,TRUE
NZ,0.9,Diag,Half2to1,20weight,HamelCope,N_h09_Rb_V2_D20w_Mhac,9.49361e-05,219.082,TRUE
NZ,0.9,Diag,Half2to1,20weight,Estimated,N_h09_Rb_V2_D20w_Mest,0.000202433,234.696,TRUE
NZ,0.9,Diag,Half2to1,Diag,HamelCope,N_h09_Rb_V2_Dbas_Mhac,0.00011227,193.54,TRUE
NZ,0.9,Diag,Half2to1,Diag,Estimated,N_h09_Rb_V2_Dbas_Mest,0.000177713,206.98,TRUE
NZ,0.9,MoreR2,Diag,05length,HamelCope,N_h09_R2_Vb_D05l_Mhac,0.000117081,193.075,TRUE
NZ,0.9,MoreR2,Diag,05length,Estimated,N_h09_R2_Vb_D05l_Mest,2.08875e-05,203.455,TRUE
NZ,0.9,MoreR2,Diag,05weight,HamelCope,N_h09_R2_Vb_D05w_Mhac,2.90786e-05,171.136,TRUE
NZ,0.9,MoreR2,Diag,05weight,Estimated,N_h09_R2_Vb_D05w_Mest,1.57249e-08,180.585,TRUE
NZ,0.9,MoreR2,Diag,20length,HamelCope,N_h09_R2_Vb_D20l_Mhac,0.00119112,199.75,TRUE
NZ,0.9,MoreR2,Diag,20length,Estimated,N_h09_R2_Vb_D20l_Mest,6.68174e-05,210.64,TRUE
NZ,0.9,MoreR2,Diag,20weight,HamelCope,N_h09_R2_Vb_D20w_Mhac,6.19237e-05,222.143,TRUE
NZ,0.9,MoreR2,Diag,20weight,Estimated,N_h09_R2_Vb_D20w_Mest,8.25515e-05,233.78,TRUE
NZ,0.9,MoreR2,Diag,Diag,HamelCope,N_h09_R2_Vb_Dbas_Mhac,0.00030184,196.235,TRUE
NZ,0.9,MoreR2,Diag,Diag,Estimated,N_h09_R2_Vb_Dbas_Mest,0.000503373,206.8,TRUE
NZ,0.9,MoreR2,Half1to2,05length,HamelCope,N_h09_R2_V1_D05l_Mhac,8.43954e-05,193.55,TRUE
NZ,0.9,MoreR2,Half1to2,05length,Estimated,N_h09_R2_V1_D05l_Mest,5.16234e-07,203.307,TRUE
NZ,0.9,MoreR2,Half1to2,05weight,HamelCope,N_h09_R2_V1_D05w_Mhac,5.29766e-06,171.564,TRUE
NZ,0.9,MoreR2,Half1to2,05weight,Estimated,N_h09_R2_V1_D05w_Mest,1.58713e-05,180.537,TRUE
NZ,0.9,MoreR2,Half1to2,20length,HamelCope,N_h09_R2_V1_D20l_Mhac,4.42014e-05,200.158,TRUE
NZ,0.9,MoreR2,Half1to2,20length,Estimated,N_h09_R2_V1_D20l_Mest,0.000303866,210.444,TRUE
NZ,0.9,MoreR2,Half1to2,20weight,HamelCope,N_h09_R2_V1_D20w_Mhac,8.50081e-05,222.566,TRUE
NZ,0.9,MoreR2,Half1to2,20weight,Estimated,N_h09_R2_V1_D20w_Mest,4.7908e-09,233.421,TRUE
NZ,0.9,MoreR2,Half1to2,Diag,HamelCope,N_h09_R2_V1_Dbas_Mhac,0.000159254,196.678,TRUE
NZ,0.9,MoreR2,Half1to2,Diag,Estimated,N_h09_R2_V1_Dbas_Mest,1.0595e-05,206.62,TRUE
NZ,0.9,MoreR2,Half2to1,05length,HamelCope,N_h09_R2_V2_D05l_Mhac,1.38156e-06,192.101,TRUE
NZ,0.9,MoreR2,Half2to1,05length,Estimated,N_h09_R2_V2_D05l_Mest,2.29335e-06,203.637,TRUE
NZ,0.9,MoreR2,Half2to1,05weight,HamelCope,N_h09_R2_V2_D05w_Mhac,9.7504e-05,170.17,TRUE
NZ,0.9,MoreR2,Half2to1,05weight,Estimated,N_h09_R2_V2_D05w_Mest,6.81125e-05,180.443,TRUE
NZ,0.9,MoreR2,Half2to1,20length,HamelCope,N_h09_R2_V2_D20l_Mhac,2.59847e-05,198.547,TRUE
NZ,0.9,MoreR2,Half2to1,20length,Estimated,N_h09_R2_V2_D20l_Mest,0.00018675,210.729,TRUE
NZ,0.9,MoreR2,Half2to1,20weight,HamelCope,N_h09_R2_V2_D20w_Mhac,0.000833354,220.865,TRUE
NZ,0.9,MoreR2,Half2to1,20weight,Estimated,N_h09_R2_V2_D20w_Mest,1.85788e-06,234.551,TRUE
NZ,0.9,MoreR2,Half2to1,Diag,HamelCope,N_h09_R2_V2_Dbas_Mhac,6.4834e-05,195.168,TRUE
NZ,0.9,MoreR2,Half2to1,Diag,Estimated,N_h09_R2_V2_Dbas_Mest,5.90997e-08,206.905,TRUE
PICT,0.7,Diag,Diag,05length,HamelCope,P_h07_Rb_Vb_D05l_Mhac,4.11511e-05,193.229,TRUE
PICT,0.7,Diag,Diag,05length,Estimated,P_h07_Rb_Vb_D05l_Mest,0.000240198,204.586,TRUE
PICT,0.7,Diag,Diag,05weight,HamelCope,P_h07_Rb_Vb_D05w_Mhac,1.39816e-05,171.214,TRUE
PICT,0.7,Diag,Diag,05weight,Estimated,P_h07_Rb_Vb_D05w_Mest,0.000100629,183.862,TRUE
PICT,0.7,Diag,Diag,20length,HamelCope,P_h07_Rb_Vb_D20l_Mhac,4.22884e-05,199.631,TRUE
PICT,0.7,Diag,Diag,20length,Estimated,P_h07_Rb_Vb_D20l_Mest,1.15539e-05,212.06,TRUE
PICT,0.7,Diag,Diag,20weight,HamelCope,P_h07_Rb_Vb_D20w_Mhac,2.96515e-08,222.298,TRUE
PICT,0.7,Diag,Diag,20weight,Estimated,P_h07_Rb_Vb_D20w_Mest,0.00301688,233.467,TRUE
PICT,0.7,Diag,Diag,Diag,HamelCope,P_h07_Rb_Vb_Dbas_Mhac,0.000367548,196.287,TRUE
PICT,0.7,Diag,Diag,Diag,Estimated,P_h07_Rb_Vb_Dbas_Mest,6.43103e-05,207.978,TRUE
PICT,0.7,Diag,Half1to2,05length,HamelCope,P_h07_Rb_V1_D05l_Mhac,8.27412e-06,193.399,TRUE
PICT,0.7,Diag,Half1to2,05length,Estimated,P_h07_Rb_V1_D05l_Mest,2.47439e-05,204.707,TRUE
PICT,0.7,Diag,Half1to2,05weight,HamelCope,P_h07_Rb_V1_D05w_Mhac,0.000238011,171.425,TRUE
PICT,0.7,Diag,Half1to2,05weight,Estimated,P_h07_Rb_V1_D05w_Mest,7.90612e-05,183.978,TRUE
PICT,0.7,Diag,Half1to2,20length,HamelCope,P_h07_Rb_V1_D20l_Mhac,1.28999e-05,200.057,TRUE
PICT,0.7,Diag,Half1to2,20length,Estimated,P_h07_Rb_V1_D20l_Mest,0.000375568,212.2,TRUE
PICT,0.7,Diag,Half1to2,20weight,HamelCope,P_h07_Rb_V1_D20w_Mhac,0.000318738,222.759,TRUE
PICT,0.7,Diag,Half1to2,20weight,Estimated,P_h07_Rb_V1_D20w_Mest,0.000487418,233.533,TRUE
PICT,0.7,Diag,Half1to2,Diag,HamelCope,P_h07_Rb_V1_Dbas_Mhac,9.07944e-05,196.546,TRUE
PICT,0.7,Diag,Half1to2,Diag,Estimated,P_h07_Rb_V1_Dbas_Mest,6.07298e-08,208.213,TRUE
PICT,0.7,Diag,Half2to1,05length,HamelCope,P_h07_Rb_V2_D05l_Mhac,6.88088e-05,192.506,TRUE
PICT,0.7,Diag,Half2to1,05length,Estimated,P_h07_Rb_V2_D05l_Mest,1.37555e-06,205.188,TRUE
PICT,0.7,Diag,Half2to1,05weight,HamelCope,P_h07_Rb_V2_D05w_Mhac,0.000140966,170.528,TRUE
PICT,0.7,Diag,Half2to1,05weight,Estimated,P_h07_Rb_V2_D05w_Mest,7.32463e-09,183.842,TRUE
PICT,0.7,Diag,Half2to1,20length,HamelCope,P_h07_Rb_V2_D20l_Mhac,2.84257e-08,198.847,TRUE
PICT,0.7,Diag,Half2to1,20length,Estimated,P_h07_Rb_V2_D20l_Mest,1.09586e-05,212.211,TRUE
PICT,0.7,Diag,Half2to1,20weight,HamelCope,P_h07_Rb_V2_D20w_Mhac,1.45093e-06,221.508,TRUE
PICT,0.7,Diag,Half2to1,20weight,Estimated,P_h07_Rb_V2_D20w_Mest,0.000118763,234.254,TRUE
PICT,0.7,Diag,Half2to1,Diag,HamelCope,P_h07_Rb_V2_Dbas_Mhac,6.65341e-06,195.558,TRUE
PICT,0.7,Diag,Half2to1,Diag,Estimated,P_h07_Rb_V2_Dbas_Mest,0.00169353,208.467,TRUE
PICT,0.7,MoreR2,Diag,05length,HamelCope,P_h07_R2_Vb_D05l_Mhac,2.63602e-08,195.101,TRUE
PICT,0.7,MoreR2,Diag,05length,Estimated,P_h07_R2_Vb_D05l_Mest,5.67833e-05,204.948,TRUE
PICT,0.7,MoreR2,Diag,05weight,HamelCope,P_h07_R2_Vb_D05w_Mhac,0.000126241,172.968,TRUE
PICT,0.7,MoreR2,Diag,05weight,Estimated,P_h07_R2_Vb_D05w_Mest,0.000104867,183.976,TRUE
PICT,0.7,MoreR2,Diag,20length,HamelCope,P_h07_R2_Vb_D20l_Mhac,0.000121939,201.733,TRUE
PICT,0.7,MoreR2,Diag,20length,Estimated,P_h07_R2_Vb_D20l_Mest,9.59835e-05,212.194,TRUE
PICT,0.7,MoreR2,Diag,20weight,HamelCope,P_h07_R2_Vb_D20w_Mhac,1.31745e-05,224.424,TRUE
PICT,0.7,MoreR2,Diag,20weight,Estimated,P_h07_R2_Vb_D20w_Mest,0.00060654,233.813,TRUE
PICT,0.7,MoreR2,Diag,Diag,HamelCope,P_h07_R2_Vb_Dbas_Mhac,0.000296224,198.271,TRUE
PICT,0.7,MoreR2,Diag,Diag,Estimated,P_h07_R2_Vb_Dbas_Mest,0.00110153,208.295,TRUE
PICT,0.7,MoreR2,Half1to2,05length,HamelCope,P_h07_R2_V1_D05l_Mhac,1.33702e-07,195.634,TRUE
PICT,0.7,MoreR2,Half1to2,05length,Estimated,P_h07_R2_V1_D05l_Mest,1.68405e-05,204.892,TRUE
PICT,0.7,MoreR2,Half1to2,05weight,HamelCope,P_h07_R2_V1_D05w_Mhac,0.000213141,173.532,TRUE
PICT,0.7,MoreR2,Half1to2,05weight,Estimated,P_h07_R2_V1_D05w_Mest,1.60295e-08,183.901,TRUE
PICT,0.7,MoreR2,Half1to2,20length,HamelCope,P_h07_R2_V1_D20l_Mhac,5.17933e-06,202.221,TRUE
PICT,0.7,MoreR2,Half1to2,20length,Estimated,P_h07_R2_V1_D20l_Mest,4.96395e-06,212.084,TRUE
PICT,0.7,MoreR2,Half1to2,20weight,HamelCope,P_h07_R2_V1_D20w_Mhac,0.00118226,224.918,TRUE
PICT,0.7,MoreR2,Half1to2,20weight,Estimated,P_h07_R2_V1_D20w_Mest,2.68059e-05,233.725,TRUE
PICT,0.7,MoreR2,Half1to2,Diag,HamelCope,P_h07_R2_V1_Dbas_Mhac,0.000860093,198.759,TRUE
PICT,0.7,MoreR2,Half1to2,Diag,Estimated,P_h07_R2_V1_Dbas_Mest,0.000232293,208.239,TRUE
PICT,0.7,MoreR2,Half2to1,05length,HamelCope,P_h07_R2_V2_D05l_Mhac,5.12765e-05,194.115,TRUE
PICT,0.7,MoreR2,Half2to1,05length,Estimated,P_h07_R2_V2_D05l_Mest,1.02691e-08,205.266,TRUE
PICT,0.7,MoreR2,Half2to1,05weight,HamelCope,P_h07_R2_V2_D05w_Mhac,9.14654e-05,171.958,TRUE
PICT,0.7,MoreR2,Half2to1,05weight,Estimated,P_h07_R2_V2_D05w_Mest,1.24774e-05,183.78,TRUE
PICT,0.7,MoreR2,Half2to1,20length,HamelCope,P_h07_R2_V2_D20l_Mhac,8.20594e-05,200.49,TRUE
PICT,0.7,MoreR2,Half2to1,20length,Estimated,P_h07_R2_V2_D20l_Mest,0.000865733,212.144,TRUE
PICT,0.7,MoreR2,Half2to1,20weight,HamelCope,P_h07_R2_V2_D20w_Mhac,9.48765e-05,223.244,TRUE
PICT,0.7,MoreR2,Half2to1,20weight,Estimated,P_h07_R2_V2_D20w_Mest,8.17393e-05,234.32,TRUE
PICT,0.7,MoreR2,Half2to1,Diag,HamelCope,P_h07_R2_V2_Dbas_Mhac,9.49806e-05,197.169,TRUE
PICT,0.7,MoreR2,Half2to1,Diag,Estimated,P_h07_R2_V2_Dbas_Mest,0.000270851,208.482,TRUE
PICT,0.8,Diag,Diag,05length,HamelCope,P_h08_Rb_Vb_D05l_Mhac,9.54166e-05,193.27,TRUE
PICT,0.8,Diag,Diag,05length,Estimated,P_h08_Rb_Vb_D05l_Mest,0.00172165,205.185,TRUE
PICT,0.8,Diag,Diag,05weight,HamelCope,P_h08_Rb_Vb_D05w_Mhac,3.73007e-05,171.274,TRUE
PICT,0.8,Diag,Diag,05weight,Estimated,P_h08_Rb_Vb_D05w_Mest,7.18741e-05,184.28,TRUE
PICT,0.8,Diag,Diag,20length,HamelCope,P_h08_Rb_Vb_D20l_Mhac,1.74705e-06,199.675,TRUE
PICT,0.8,Diag,Diag,20length,Estimated,P_h08_Rb_Vb_D20l_Mest,7.44116e-05,212.7,TRUE
PICT,0.8,Diag,Diag,20weight,HamelCope,P_h08_Rb_Vb_D20w_Mhac,7.88697e-05,222.327,TRUE
PICT,0.8,Diag,Diag,20weight,Estimated,P_h08_Rb_Vb_D20w_Mest,3.82656e-05,234.423,TRUE
PICT,0.8,Diag,Diag,Diag,HamelCope,P_h08_Rb_Vb_Dbas_Mhac,0.00205094,196.329,TRUE
PICT,0.8,Diag,Diag,Diag,Estimated,P_h08_Rb_Vb_Dbas_Mest,2.4724e-05,208.628,TRUE
PICT,0.8,Diag,Half1to2,05length,HamelCope,P_h08_Rb_V1_D05l_Mhac,1.72356e-05,193.462,TRUE
PICT,0.8,Diag,Half1to2,05length,Estimated,P_h08_Rb_V1_D05l_Mest,3.8508e-05,205.302,TRUE
PICT,0.8,Diag,Half1to2,05weight,HamelCope,P_h08_Rb_V1_D05w_Mhac,0.000100999,171.471,TRUE
PICT,0.8,Diag,Half1to2,05weight,Estimated,P_h08_Rb_V1_D05w_Mest,1.41734e-08,184.347,TRUE
PICT,0.8,Diag,Half1to2,20length,HamelCope,P_h08_Rb_V1_D20l_Mhac,5.77797e-05,200.092,TRUE
PICT,0.8,Diag,Half1to2,20length,Estimated,P_h08_Rb_V1_D20l_Mest,6.91072e-08,212.738,TRUE
PICT,0.8,Diag,Half1to2,20weight,HamelCope,P_h08_Rb_V1_D20w_Mhac,0.00300604,222.772,TRUE
PICT,0.8,Diag,Half1to2,20weight,Estimated,P_h08_Rb_V1_D20w_Mest,1.05529e-05,234.43,TRUE
PICT,0.8,Diag,Half1to2,Diag,HamelCope,P_h08_Rb_V1_Dbas_Mhac,3.41419e-05,196.57,TRUE
PICT,0.8,Diag,Half1to2,Diag,Estimated,P_h08_Rb_V1_Dbas_Mest,4.18121e-08,208.702,TRUE
PICT,0.8,Diag,Half2to1,05length,HamelCope,P_h08_Rb_V2_D05l_Mhac,6.18506e-05,192.558,TRUE
PICT,0.8,Diag,Half2to1,05length,Estimated,P_h08_Rb_V2_D05l_Mest,8.50219e-09,205.663,TRUE
PICT,0.8,Diag,Half2to1,05weight,HamelCope,P_h08_Rb_V2_D05w_Mhac,0.000113781,170.594,TRUE
PICT,0.8,Diag,Half2to1,05weight,Estimated,P_h08_Rb_V2_D05w_Mest,3.22732e-07,184.186,TRUE
PICT,0.8,Diag,Half2to1,20length,HamelCope,P_h08_Rb_V2_D20l_Mhac,9.31195e-06,198.903,TRUE
PICT,0.8,Diag,Half2to1,20length,Estimated,P_h08_Rb_V2_D20l_Mest,0.00136293,212.686,TRUE
PICT,0.8,Diag,Half2to1,20weight,HamelCope,P_h08_Rb_V2_D20w_Mhac,2.82536e-06,221.549,TRUE
PICT,0.8,Diag,Half2to1,20weight,Estimated,P_h08_Rb_V2_D20w_Mest,0.000106336,234.904,TRUE
PICT,0.8,Diag,Half2to1,Diag,HamelCope,P_h08_Rb_V2_Dbas_Mhac,3.90323e-06,195.601,TRUE
PICT,0.8,Diag,Half2to1,Diag,Estimated,P_h08_Rb_V2_Dbas_Mest,0.000103719,208.944,TRUE
PICT,0.8,MoreR2,Diag,05length,HamelCope,P_h08_R2_Vb_D05l_Mhac,0.000568426,195.115,TRUE
PICT,0.8,MoreR2,Diag,05length,Estimated,P_h08_R2_Vb_D05l_Mest,1.28127e-07,205.499,TRUE
PICT,0.8,MoreR2,Diag,05weight,HamelCope,P_h08_R2_Vb_D05w_Mhac,3.56401e-05,173.087,TRUE
PICT,0.8,MoreR2,Diag,05weight,Estimated,P_h08_R2_Vb_D05w_Mest,7.16127e-05,184.382,TRUE
PICT,0.8,MoreR2,Diag,20length,HamelCope,P_h08_R2_Vb_D20l_Mhac,7.74957e-05,201.755,TRUE
PICT,0.8,MoreR2,Diag,20length,Estimated,P_h08_R2_Vb_D20l_Mest,2.31577e-08,212.731,TRUE
PICT,0.8,MoreR2,Diag,20weight,HamelCope,P_h08_R2_Vb_D20w_Mhac,0.000158712,224.437,TRUE
PICT,0.8,MoreR2,Diag,20weight,Estimated,P_h08_R2_Vb_D20w_Mest,2.88238e-05,234.625,TRUE
PICT,0.8,MoreR2,Diag,Diag,HamelCope,P_h08_R2_Vb_Dbas_Mhac,0.000732403,198.279,TRUE
PICT,0.8,MoreR2,Diag,Diag,Estimated,P_h08_R2_Vb_Dbas_Mest,0.000631041,208.851,TRUE
PICT,0.8,MoreR2,Half1to2,05length,HamelCope,P_h08_R2_V1_D05l_Mhac,2.17685e-05,195.674,TRUE
PICT,0.8,MoreR2,Half1to2,05length,Estimated,P_h08_R2_V1_D05l_Mest,1.31955e-07,205.42,TRUE
PICT,0.8,MoreR2,Half1to2,05weight,HamelCope,P_h08_R2_V1_D05w_Mhac,3.39354e-08,173.573,TRUE
PICT,0.8,MoreR2,Half1to2,05weight,Estimated,P_h08_R2_V1_D05w_Mest,8.40394e-07,184.265,TRUE
PICT,0.8,MoreR2,Half1to2,20length,HamelCope,P_h08_R2_V1_D20l_Mhac,8.07688e-05,202.239,TRUE
PICT,0.8,MoreR2,Half1to2,20length,Estimated,P_h08_R2_V1_D20l_Mest,5.56366e-05,212.575,TRUE
PICT,0.8,MoreR2,Half1to2,20weight,HamelCope,P_h08_R2_V1_D20w_Mhac,6.42703e-05,224.92,TRUE
PICT,0.8,MoreR2,Half1to2,20weight,Estimated,P_h08_R2_V1_D20w_Mest,4.22728e-05,234.458,TRUE
PICT,0.8,MoreR2,Half1to2,Diag,HamelCope,P_h08_R2_V1_Dbas_Mhac,7.97282e-06,198.775,TRUE
PICT,0.8,MoreR2,Half1to2,Diag,Estimated,P_h08_R2_V1_Dbas_Mest,5.62202e-05,208.759,TRUE
PICT,0.8,MoreR2,Half2to1,05length,HamelCope,P_h08_R2_V2_D05l_Mhac,4.51809e-05,194.139,TRUE
PICT,0.8,MoreR2,Half2to1,05length,Estimated,P_h08_R2_V2_D05l_Mest,6.30554e-05,205.749,TRUE
PICT,0.8,MoreR2,Half2to1,05weight,HamelCope,P_h08_R2_V2_D05w_Mhac,3.74586e-05,172.005,TRUE
PICT,0.8,MoreR2,Half2to1,05weight,Estimated,P_h08_R2_V2_D05w_Mest,0.000270017,184.105,TRUE
PICT,0.8,MoreR2,Half2to1,20length,HamelCope,P_h08_R2_V2_D20l_Mhac,3.46245e-05,200.522,TRUE
PICT,0.8,MoreR2,Half2to1,20length,Estimated,P_h08_R2_V2_D20l_Mest,0.000130805,212.595,TRUE
PICT,0.8,MoreR2,Half2to1,20weight,HamelCope,P_h08_R2_V2_D20w_Mhac,0.000388529,223.265,TRUE
PICT,0.8,MoreR2,Half2to1,20weight,Estimated,P_h08_R2_V2_D20w_Mest,3.54787e-07,235.028,TRUE
PICT,0.8,MoreR2,Half2to1,Diag,HamelCope,P_h08_R2_V2_Dbas_Mhac,1.80925e-05,197.196,TRUE
PICT,0.8,MoreR2,Half2to1,Diag,Estimated,P_h08_R2_V2_Dbas_Mest,6.07833e-05,208.974,TRUE
PICT,0.9,Diag,Diag,05length,HamelCope,P_h09_Rb_Vb_D05l_Mhac,0.000152933,193.305,TRUE
PICT,0.9,Diag,Diag,05length,Estimated,P_h09_Rb_Vb_D05l_Mest,9.67728e-09,205.665,TRUE
PICT,0.9,Diag,Diag,05weight,HamelCope,P_h09_Rb_Vb_D05w_Mhac,2.16648e-05,171.321,TRUE
PICT,0.9,Diag,Diag,05weight,Estimated,P_h09_Rb_Vb_D05w_Mest,1.21802e-06,184.604,TRUE
PICT,0.9,Diag,Diag,20length,HamelCope,P_h09_Rb_Vb_D20l_Mhac,0.000671084,199.713,TRUE
PICT,0.9,Diag,Diag,20length,Estimated,P_h09_Rb_Vb_D20l_Mest,1.13029e-05,213.186,TRUE
PICT,0.9,Diag,Diag,20weight,HamelCope,P_h09_Rb_Vb_D20w_Mhac,0.000198902,222.364,TRUE
PICT,0.9,Diag,Diag,20weight,Estimated,P_h09_Rb_Vb_D20w_Mest,0.00177061,235.072,TRUE
PICT,0.9,Diag,Diag,Diag,HamelCope,P_h09_Rb_Vb_Dbas_Mhac,5.46364e-05,196.365,TRUE
PICT,0.9,Diag,Diag,Diag,Estimated,P_h09_Rb_Vb_Dbas_Mest,0.000232822,209.134,TRUE
PICT,0.9,Diag,Half1to2,05length,HamelCope,P_h09_Rb_V1_D05l_Mhac,5.37356e-05,193.49,TRUE
PICT,0.9,Diag,Half1to2,05length,Estimated,P_h09_Rb_V1_D05l_Mest,0.000567814,205.714,TRUE
PICT,0.9,Diag,Half1to2,05weight,HamelCope,P_h09_Rb_V1_D05w_Mhac,3.15935e-05,171.508,TRUE
PICT,0.9,Diag,Half1to2,05weight,Estimated,P_h09_Rb_V1_D05w_Mest,5.94762e-05,184.613,TRUE
PICT,0.9,Diag,Half1to2,20length,HamelCope,P_h09_Rb_V1_D20l_Mhac,9.20721e-05,200.117,TRUE
PICT,0.9,Diag,Half1to2,20length,Estimated,P_h09_Rb_V1_D20l_Mest,8.6681e-05,213.115,TRUE
PICT,0.9,Diag,Half1to2,20weight,HamelCope,P_h09_Rb_V1_D20w_Mhac,0.00104423,222.805,TRUE
PICT,0.9,Diag,Half1to2,20weight,Estimated,P_h09_Rb_V1_D20w_Mest,6.28039e-05,235.005,TRUE
PICT,0.9,Diag,Half1to2,Diag,HamelCope,P_h09_Rb_V1_Dbas_Mhac,0.000145829,196.599,TRUE
PICT,0.9,Diag,Half1to2,Diag,Estimated,P_h09_Rb_V1_Dbas_Mest,0.00011538,209.171,TRUE
PICT,0.9,Diag,Half2to1,05length,HamelCope,P_h09_Rb_V2_D05l_Mhac,6.18066e-05,192.601,TRUE
PICT,0.9,Diag,Half2to1,05length,Estimated,P_h09_Rb_V2_D05l_Mest,9.04191e-09,206.022,TRUE
PICT,0.9,Diag,Half2to1,05weight,HamelCope,P_h09_Rb_V2_D05w_Mhac,4.35547e-05,170.644,TRUE
PICT,0.9,Diag,Half2to1,05weight,Estimated,P_h09_Rb_V2_D05w_Mest,9.29437e-09,184.449,TRUE
PICT,0.9,Diag,Half2to1,20length,HamelCope,P_h09_Rb_V2_D20l_Mhac,9.27922e-05,198.948,TRUE
PICT,0.9,Diag,Half2to1,20length,Estimated,P_h09_Rb_V2_D20l_Mest,0.000141895,213.071,TRUE
PICT,0.9,Diag,Half2to1,20weight,HamelCope,P_h09_Rb_V2_D20w_Mhac,0.00158275,221.59,TRUE
PICT,0.9,Diag,Half2to1,20weight,Estimated,P_h09_Rb_V2_D20w_Mest,5.28302e-06,235.454,TRUE
PICT,0.9,Diag,Half2to1,Diag,HamelCope,P_h09_Rb_V2_Dbas_Mhac,4.13159e-05,195.646,TRUE
PICT,0.9,Diag,Half2to1,Diag,Estimated,P_h09_Rb_V2_Dbas_Mest,7.04341e-07,209.295,TRUE
PICT,0.9,MoreR2,Diag,05length,HamelCope,P_h09_R2_Vb_D05l_Mhac,6.79936e-05,195.131,TRUE
PICT,0.9,MoreR2,Diag,05length,Estimated,P_h09_R2_Vb_D05l_Mest,0.0014836,205.951,TRUE
PICT,0.9,MoreR2,Diag,05weight,HamelCope,P_h09_R2_Vb_D05w_Mhac,6.57737e-05,173.136,TRUE
PICT,0.9,MoreR2,Diag,05weight,Estimated,P_h09_R2_Vb_D05w_Mest,8.47432e-08,184.653,TRUE
PICT,0.9,MoreR2,Diag,20length,HamelCope,P_h09_R2_Vb_D20l_Mhac,0.00015588,201.777,TRUE
PICT,0.9,MoreR2,Diag,20length,Estimated,P_h09_R2_Vb_D20l_Mest,2.70968e-05,213.127,TRUE
PICT,0.9,MoreR2,Diag,20weight,HamelCope,P_h09_R2_Vb_D20w_Mhac,3.66556e-05,224.469,TRUE
PICT,0.9,MoreR2,Diag,20weight,Estimated,P_h09_R2_Vb_D20w_Mest,0.000235445,235.209,TRUE
PICT,0.9,MoreR2,Diag,Diag,HamelCope,P_h09_R2_Vb_Dbas_Mhac,3.16925e-08,198.296,TRUE
PICT,0.9,MoreR2,Diag,Diag,Estimated,P_h09_R2_Vb_Dbas_Mest,1.927e-05,209.293,TRUE
PICT,0.9,MoreR2,Half1to2,05length,HamelCope,P_h09_R2_V1_D05l_Mhac,4.86293e-05,195.686,TRUE
PICT,0.9,MoreR2,Half1to2,05length,Estimated,P_h09_R2_V1_D05l_Mest,7.83704e-05,205.832,TRUE
PICT,0.9,MoreR2,Half1to2,05weight,HamelCope,P_h09_R2_V1_D05w_Mhac,0.000230857,173.606,TRUE
PICT,0.9,MoreR2,Half1to2,05weight,Estimated,P_h09_R2_V1_D05w_Mest,6.3868e-05,184.528,TRUE
PICT,0.9,MoreR2,Half1to2,20length,HamelCope,P_h09_R2_V1_D20l_Mhac,9.84465e-05,202.259,TRUE
PICT,0.9,MoreR2,Half1to2,20length,Estimated,P_h09_R2_V1_D20l_Mest,3.33444e-05,212.951,TRUE
PICT,0.9,MoreR2,Half1to2,20weight,HamelCope,P_h09_R2_V1_D20w_Mhac,9.42333e-05,224.946,TRUE
PICT,0.9,MoreR2,Half1to2,20weight,Estimated,P_h09_R2_V1_D20w_Mest,8.38577e-06,235.015,TRUE
PICT,0.9,MoreR2,Half1to2,Diag,HamelCope,P_h09_R2_V1_Dbas_Mhac,0.00015047,198.792,TRUE
PICT,0.9,MoreR2,Half1to2,Diag,Estimated,P_h09_R2_V1_Dbas_Mest,0.000154882,209.143,TRUE
PICT,0.9,MoreR2,Half2to1,05length,HamelCope,P_h09_R2_V2_D05l_Mhac,7.63134e-05,194.163,TRUE
PICT,0.9,MoreR2,Half2to1,05length,Estimated,P_h09_R2_V2_D05l_Mest,0.00024599,206.132,TRUE
PICT,0.9,MoreR2,Half2to1,05weight,HamelCope,P_h09_R2_V2_D05w_Mhac,0.000349911,172.041,TRUE
PICT,0.9,MoreR2,Half2to1,05weight,Estimated,P_h09_R2_V2_D05w_Mest,8.43904e-05,184.402,TRUE
PICT,0.9,MoreR2,Half2to1,20length,HamelCope,P_h09_R2_V2_D20l_Mhac,2.68166e-05,200.551,TRUE
PICT,0.9,MoreR2,Half2to1,20length,Estimated,P_h09_R2_V2_D20l_Mest,3.86165e-05,212.985,TRUE
PICT,0.9,MoreR2,Half2to1,20weight,HamelCope,P_h09_R2_V2_D20w_Mhac,8.98713e-05,223.316,TRUE
PICT,0.9,MoreR2,Half2to1,20weight,Estimated,P_h09_R2_V2_D20w_Mest,1.37832e-08,235.564,TRUE
PICT,0.9,MoreR2,Half2to1,Diag,HamelCope,P_h09_R2_V2_Dbas_Mhac,8.18737e-05,197.221,TRUE
PICT,0.9,MoreR2,Half2to1,Diag,Estimated,P_h09_R2_V2_Dbas_Mest,2.75465e-08,209.333,TRUE
